{"ID":1,"Account":{"Number":"123-ABC-789","FirstName":"Jay","LastName":"Smith"},"Date":"1/1/2015","Amount":1.23,"Description":"Drug Store"},
{"ID":2,"Account":{"Number":"456-DEF-456","FirstName":"Sally","LastName":"Fuller"},"Date":"1/3/2015","Amount":200.00,"Description":"Electronics"},
{"ID":3,"Account":{"Number":"333-XYZ-999","FirstName":"Brad","LastName":"Turner"},"Date":"1/4/2015","Amount":106.00,"Description":"Gas},
{"ID":4,"Account":{"Number":"987-CBA-321","FirstName":"Justin","LastName":"Pihony"},"Date":"1/4/2015","Amount":0.00,"Description":"Drug Store"},
{"ID":5,"Account":{"Number":"123-ABC-789","FirstName":"Jay","LastName":"Smith"},"Date":"1/9/2015","Amount":2.36,"Description":"Grocery Store"},
{"ID":6,"Account":{"Number":"456-DEF-456","FirstName":"Sally","LastName":"Fuller"},"Date":"1/11/2015","Amount":23.16},
{"ID":7,"Account":{"Number":"123-ABC-789","FirstName":"Jay","LastName":"Smith"},"Date":"1/12/2015","Amount":42.12,"Description":"Park"},
{"ID":8,"Account":{"Number":"456-DEF-456","FirstName":"Sally","LastName":"Fuller"},"Date":"1/12/2015","Amount":20.00,"Description":"Electronics"},
{"ID":9,"Account":{"Number":"333-XYZ-999","FirstName":"Brad","LastName":"Turner"},"Date":"1/17/2015","Amount":52.13,"Description":"Gas"},
{"ID":10,"Account":{"Number":"333-XYZ-999","FirstName":"Brad","LastName":"Turner"},"Date":"1/19/2015","Amount":41.67,"Description":"Some Totally Fake Long Description"},
{"ID":11,"Account":{"Number":"333-XYZ-999","FirstName":"Brad","LastName":"Turner"},"Date":"1/21/2015","Amount":56.37,"Description":"Gas"},
{"ID":12,"Account":{"Number":"987-CBA-321","FirstName":"Justin","LastName":"Pihony"},"Date":"1/23/2015","Amount":63.84,"Description":"Grocery Store"},
{"ID":13,"Account":{"Number":"123-ABC-789","FirstName":"Jay","LastName":"Smith"},"Date":"1/24/2015","Amount":160.91,"Description":"Electronics"},
{"ID":14,"Account":{"Number":"456-DEF-456","FirstName":"Sally","LastName":"Fuller"},"Date":"1/24/2015","Amount":78.77,"Description":"Grocery Store"},
{"ID":15,"Account":{"Number":"333-XYZ-999","FirstName":"Brad","LastName":"Turner"},"Date":"1/29/2015","Amount":86.24,"Description":"Movies"},
{"ID":16,"Account":{"Number":"456-DEF-456","FirstName":"Sally","LastName":"Fuller"},"Date":"1/31/2015","Amount":93.71,"Description":"Grocery Store"},
{"ID":17,"Account":{"Number":"987-CBA-321","FirstName":"Justin","LastName":"Pihony"},"Date":"1/31/2015","Amount":2.29,"Description":"Drug Store"},
{"ID":18,"Account":{"Number":"456-DEF-456","FirstName":"Sally","LastName":"Fuller"},"Date":"1/31/2015","Amount":108.64,"Description":"Park"},
{"ID":19,"Account":{"Number":"456-DEF-456","FirstName":"Sally","LastName":"Fuller"},"Date":"1/31/2015","Amount":116.11,"Description":"Books"},
{"ID":20,"Account":{"Number":"123-ABC-789","FirstName":"Jay","LastName":"Smith"},"Date":"2/10/2015","Amount":27.19,"Description":"Grocery Store"},
{"ID":21,"Account":{"Number":"333-XYZ-999","FirstName":"Brad","LastName":"Turner"},"Date":"2/11/2015","Amount":131.04,"Description":"Electronics"},
{"ID":22,"Account":{"Number":"456-DEF-456","FirstName":"Sally","LastName":"Fuller"},"Date":"2/12/2015","Amount":18.99,"Description":"Drug Store"},
{"ID":23,"Account":{"Number":"123-ABC-789","FirstName":"Jay","LastName":"Smith"},"Date":"2/13/2015","Amount":145.98,"Description":"Grocery Store"},
{"ID":24,"Account":{"Number":"123-ABC-789","FirstName":"Jay","LastName":"Smith"},"Date":"2/14/2015","Amount":153.44,"Description":"Grocery Store"},
{"ID":25,"Account":{"Number":"123-ABC-789","FirstName":"Jay","LastName":"Smith"},"Date":"2/14/2015","Amount":0.00},
{"ID":26,"Account":{"Number":"987-CBA-321","FirstName":"Justin","LastName":"Pihony"},"Date":"2/14/2015","Amount":168.38,"Description":"Electronics"},
{"ID":27,"Account":{"Number":"333-XYZ-999","FirstName":"Brad","LastName":"Turner"},"Date":"2/14/2015","Amount":175.84,"Description":"Gas"},
{"ID":28,"Account":{"Number":"333-XYZ-999","FirstName":"Brad","LastName":"Turner"},"Date":"2/18/2015","Amount":43.12,"Description":"Grocery Store"},
{"ID":29,"Account":{"Number":"987-CBA-321","FirstName":"Justin","LastName":"Pihony"},"Date":"2/19/2015","Amount":101.18,"Description":"Park"},
{"ID":30,"Account":{"Number":"456-DEF-456","FirstName":"Sally","LastName":"Fuller"},"Date":"2/20/2015","Amount":215.67,"Description":"Electronics"},
{"ID":31,"Account":{"Number":"123-ABC-789","FirstName":"Jay","LastName":"Smith"},"Date":"2/20/2015","Amount":9.17,"Description":"Movies"},
{"ID":32,"Account":{"Number":"456-DEF-456","FirstName":"Sally","LastName":"Fuller"},"Date":"2/22/2015","Amount":71.31,"Description":"Gas"},
{"ID":33,"Account":{"Number":"456-DEF-456","FirstName":"Sally","LastName":"Fuller"},"Date":"2/23/2015","Amount":6.78,"Description":"Drug Store"},
{"ID":34,"Account":{"Number":"123-ABC-789","FirstName":"Jay","LastName":"Smith"},"Date":"2/24/2015","Amount":138.51,"Description":"Grocery Store"},
{"ID":35,"Account":{"Number":"333-XYZ-999","FirstName":"Brad","LastName":"Turner"},"Date":"2/26/2015","Amount":43.12,"Description":"Gas"},
{"ID":36,"Account":{"Number":"123-ABC-789","FirstName":"Jay","LastName":"Smith"},"Date":"2/26/2015","Amount":123.58,"Description":"Grocery Store"},
{"ID":37,"Account":{"Number":"987-CBA-321","FirstName":"Justin","LastName":"Pihony"},"Date":"2/27/2015","Amount":150.33,"Description":"Grocery Store"},
{"ID":38,"Account":{"Number":"987-CBA-321","FirstName":"Justin","LastName":"Pihony"},"Date":"2/28/2015","Amount":63.12,"Description":"Gas"},
{"ID":39,"Account":{"Number":"123-ABC-789","FirstName":"Jay","LastName":"Smith"},"Date":"3/1/2015","Amount":22.34,"Description":"Movies"},
{"ID":40,"Account":{"Number":"456-DEF-456","FirstName":"Sally","LastName":"Fuller"},"Date":"3/2/2015","Amount":189.53,"Description":"Books"},
{"ID":41,"Account":{"Number":"123-ABC-789","FirstName":"Jay","LastName":"Smith"},"Date":"3/2/2015","Amount":4000.00,"Description":"Electronics"},
{"ID":42,"Account":{"Number":"333-XYZ-999","FirstName":"Brad","LastName":"Turner"},"Date":"3/2/2015","Amount":43.12,"Description":"Books"},
{"ID":43,"Account":{"Number":"333-XYZ-999","FirstName":"Brad","LastName":"Turner"},"Date":"3/3/2015","Amount":228.73,"Description":"Grocery Store"},
{"ID":44,"Account":{"Number":"333-XYZ-999","FirstName":"Brad","LastName":"Turner"},"Date":"3/4/2015","Amount":241.80,"Description":"Electronics"},
{"ID":45,"Account":{"Number":"123-ABC-789","FirstName":"Jay","LastName":"Smith"},"Date":"3/4/2015","Amount":254.87,"Description":"Grocery Store"},
{"ID":46,"Account":{"Number":"987-CBA-321","FirstName":"Justin","LastName":"Pihony"},"Date":"3/4/2015","Amount":12.42,"Description":"Movies"},
{"ID":47,"Account":{"Number":"456-DEF-456","FirstName":"Sally","LastName":"Fuller"},"Date":"3/9/2015","Amount":281.00,"Description":"Electronics"},
{"ID":48,"Account":{"Number":"987-CBA-321","FirstName":"Justin","LastName":"Pihony"},"Date":"3/10/2015","Amount":42.42,"Description":"Books"},
{"ID":49,"Account":{"Number":"987-CBA-321","FirstName":"Justin","LastName":"Pihony"},"Date":"3/11/2015","Amount":267.93,"Description":"Grocery Store"},
{"ID":50,"Account":{"Number":"456-DEF-456","FirstName":"Sally","LastName":"Fuller"},"Date":"3/12/2015","Amount":42.85,"Description":"Gas"}