{"symbol":"AAPL","date":"2009-01-02","open":85.88,"high":91.04,"low":85.16,"close":90.75,"volume":26643400,"adj_close":90.75}
{"symbol":"AAPL","date":"2008-01-02","open":199.27,"high":200.26,"low":192.55,"close":194.84,"volume":38542100,"adj_close":194.84}
{"symbol":"AAPL","date":"2007-01-03","open":86.29,"high":86.58,"low":81.9,"close":83.8,"volume":44225700,"adj_close":83.8}
{"symbol":"AAPL","date":"2006-01-03","open":72.38,"high":74.75,"low":72.25,"close":74.75,"volume":28829800,"adj_close":74.75}
{"symbol":"AAPL","date":"2005-01-03","open":64.78,"high":65.11,"low":62.6,"close":63.29,"volume":24714000,"adj_close":31.65}
{"symbol":"AAPL","date":"2004-01-02","open":21.55,"high":21.75,"low":21.18,"close":21.28,"volume":5165800,"adj_close":10.64}
{"symbol":"AAPL","date":"2003-01-02","open":14.36,"high":14.92,"low":14.35,"close":14.8,"volume":6479600,"adj_close":7.4}
{"symbol":"AAPL","date":"2002-01-02","open":22.05,"high":23.3,"low":21.96,"close":23.3,"volume":18910600,"adj_close":11.65}
{"symbol":"AAPL","date":"2001-01-02","open":14.88,"high":15.25,"low":14.56,"close":14.88,"volume":16161800,"adj_close":7.44}
{"symbol":"AAPL","date":"2000-01-03","open":104.87,"high":112.5,"low":101.69,"close":111.94,"volume":19144400,"adj_close":27.99}
{"symbol":"CSCO","date":"2009-01-02","open":16.41,"high":17.0,"low":16.25,"close":16.96,"volume":40980600,"adj_close":16.96}
{"symbol":"CSCO","date":"2008-01-02","open":27.0,"high":27.3,"low":26.21,"close":26.54,"volume":64338900,"adj_close":26.54}
{"symbol":"CSCO","date":"2007-01-03","open":27.46,"high":27.98,"low":27.33,"close":27.73,"volume":64226000,"adj_close":27.73}
{"symbol":"CSCO","date":"2006-01-03","open":17.21,"high":17.49,"low":17.18,"close":17.45,"volume":55426000,"adj_close":17.45}
{"symbol":"CSCO","date":"2005-01-03","open":19.42,"high":19.61,"low":19.27,"close":19.32,"volume":56725600,"adj_close":19.32}
{"symbol":"CSCO","date":"2004-01-02","open":24.36,"high":24.53,"low":24.16,"close":24.25,"volume":29955800,"adj_close":24.25}
{"symbol":"CSCO","date":"2003-01-02","open":13.11,"high":13.69,"low":13.09,"close":13.64,"volume":61335700,"adj_close":13.64}
{"symbol":"CSCO","date":"2002-01-02","open":18.44,"high":19.3,"low":18.26,"close":19.23,"volume":55376900,"adj_close":19.23}
{"symbol":"CSCO","date":"2001-01-02","open":38.13,"high":38.5,"low":32.63,"close":33.31,"volume":17384600,"adj_close":33.31}
{"symbol":"CSCO","date":"2000-01-03","open":109.94,"high":110.25,"low":103.56,"close":108.06,"volume":53076000,"adj_close":54.03}
{"symbol":"GOOG","date":"2009-01-02","open":308.6,"high":321.82,"low":305.5,"close":321.32,"volume":3610500,"adj_close":321.32}
{"symbol":"GOOG","date":"2008-01-02","open":692.87,"high":697.37,"low":677.73,"close":685.19,"volume":4306900,"adj_close":685.19}
{"symbol":"GOOG","date":"2007-01-03","open":466.0,"high":476.66,"low":461.11,"close":467.59,"volume":7706500,"adj_close":467.59}
{"symbol":"GOOG","date":"2006-01-03","open":422.52,"high":435.67,"low":418.22,"close":435.23,"volume":13121200,"adj_close":435.23}
{"symbol":"GOOG","date":"2005-01-03","open":197.4,"high":203.64,"low":195.46,"close":202.71,"volume":15844200,"adj_close":202.71}
{"symbol":"MSFT","date":"2009-01-02","open":19.53,"high":20.4,"low":19.37,"close":20.33,"volume":50084000,"adj_close":19.86}
{"symbol":"MSFT","date":"2008-01-02","open":35.79,"high":35.96,"low":35.0,"close":35.22,"volume":63004200,"adj_close":33.79}
{"symbol":"MSFT","date":"2007-01-03","open":29.91,"high":30.25,"low":29.4,"close":29.86,"volume":76935100,"adj_close":28.26}
{"symbol":"MSFT","date":"2006-01-03","open":26.25,"high":27.0,"low":26.1,"close":26.84,"volume":79973000,"adj_close":25.04}
{"symbol":"MSFT","date":"2005-01-03","open":26.8,"high":26.95,"low":26.65,"close":26.74,"volume":65002900,"adj_close":24.65}
{"symbol":"MSFT","date":"2004-01-02","open":27.58,"high":27.77,"low":27.33,"close":27.45,"volume":44487700,"adj_close":22.64}
{"symbol":"MSFT","date":"2003-01-02","open":52.3,"high":53.75,"low":51.71,"close":53.72,"volume":67025200,"adj_close":21.95}
{"symbol":"MSFT","date":"2002-01-02","open":66.65,"high":67.11,"low":65.51,"close":67.04,"volume":48124000,"adj_close":27.4}
{"symbol":"MSFT","date":"2001-01-02","open":44.13,"high":45.0,"low":42.88,"close":43.38,"volume":82413200,"adj_close":17.73}
{"symbol":"MSFT","date":"2000-01-03","open":117.37,"high":118.62,"low":112.0,"close":116.56,"volume":53228400,"adj_close":47.64}
{"symbol":"YHOO","date":"2009-01-02","open":12.17,"high":12.85,"low":12.12,"close":12.85,"volume":9514600,"adj_close":12.85}
{"symbol":"YHOO","date":"2008-01-02","open":23.8,"high":24.15,"low":23.6,"close":23.72,"volume":25671700,"adj_close":23.72}
{"symbol":"YHOO","date":"2007-01-03","open":25.85,"high":26.26,"low":25.26,"close":25.61,"volume":26352700,"adj_close":25.61}
{"symbol":"YHOO","date":"2006-01-03","open":39.69,"high":41.22,"low":38.79,"close":40.91,"volume":24227700,"adj_close":40.91}
{"symbol":"YHOO","date":"2005-01-03","open":38.36,"high":38.9,"low":37.65,"close":38.18,"volume":25482800,"adj_close":38.18}
{"symbol":"YHOO","date":"2004-01-02","open":45.5,"high":45.83,"low":45.12,"close":45.4,"volume":16480000,"adj_close":22.7}
{"symbol":"YHOO","date":"2003-01-02","open":16.59,"high":17.66,"low":16.5,"close":17.6,"volume":19640400,"adj_close":8.8}
{"symbol":"YHOO","date":"2002-01-02","open":18.14,"high":18.69,"low":17.68,"close":18.63,"volume":21903600,"adj_close":9.31}
{"symbol":"YHOO","date":"2001-01-02","open":30.31,"high":30.37,"low":27.5,"close":28.19,"volume":21939200,"adj_close":14.1}
{"symbol":"YHOO","date":"2000-01-03","open":442.92,"high":477.0,"low":429.5,"close":475.0,"volume":38469600,"adj_close":118.75}
